fold,accuracy,precision,recall,roc_auc
0,0.7241379310344828,0.6534653465346535,0.9295774647887324,0.8260373049105443
1,0.7430167597765364,0.8857142857142857,0.62,0.8151898734177215
None,0.7335773454055096,0.7695898161244696,0.7747887323943662,0.8206135891641329
None,0.0094394143710268,0.11612446958981609,0.1547887323943662,0.005423715746411373
