fold,accuracy,precision,recall,roc_auc
0,0.6666666666666666,0.8333333333333334,0.5,0.8031250000000001
1,0.8055555555555556,0.782608695652174,0.9,0.925
2,0.75,0.7619047619047619,0.8,0.765625
3,0.6388888888888888,0.6666666666666666,0.7,0.6937500000000001
4,0.8285714285714286,0.8888888888888888,0.8,0.8799999999999999
None,0.737936507936508,0.7866804692891649,0.74,0.8135000000000001
None,0.07459540655268525,0.07437308464418742,0.1356465996625054,0.08196855342141884
