fold,accuracy,precision,recall,roc_auc
0,0.6482758620689655,0.5892857142857143,0.9295774647887324,0.822801674914351
1,0.7206703910614525,0.8378378378378378,0.62,0.7937974683544303
None,0.684473126565209,0.7135617760617761,0.7747887323943662,0.8082995716343906
None,0.0361972644962435,0.12427606177606176,0.1547887323943662,0.014502103279960321
