fold,accuracy,precision,recall,roc_auc
0,0.8275862068965517,0.8,0.8571428571428571,0.9333333333333333
1,0.8620689655172413,0.9166666666666666,0.7857142857142857,0.8904761904761904
2,0.6551724137931034,1.0,0.2857142857142857,0.7904761904761904
3,0.6551724137931034,0.6111111111111112,0.7857142857142857,0.819047619047619
4,0.7586206896551724,0.9,0.6,0.8666666666666667
None,0.7517241379310345,0.8455555555555556,0.6628571428571428,0.8600000000000001
None,0.08558395617924729,0.13335185056602217,0.20694078813979222,0.05071819792645467
