fold,accuracy,precision,recall,roc_auc
0,0.6666666666666666,0.7857142857142857,0.55,0.728125
1,0.6666666666666666,0.7,0.7,0.734375
2,0.5277777777777778,0.6153846153846154,0.4,0.58125
3,0.6944444444444444,0.8461538461538461,0.55,0.809375
4,0.7714285714285715,0.7727272727272727,0.85,0.8233333333333334
None,0.6653968253968253,0.743996003996004,0.6100000000000001,0.7352916666666667
None,0.07877654803322011,0.07934565293063875,0.15297058540778352,0.08604732628682374
