fold,accuracy,precision,recall,roc_auc
0,0.6944444444444444,0.8461538461538461,0.55,0.8125
1,0.75,0.7894736842105263,0.75,0.81875
2,0.5555555555555556,0.6111111111111112,0.55,0.6156250000000001
3,0.7222222222222222,0.7272727272727273,0.8,0.715625
4,0.7428571428571429,0.7894736842105263,0.75,0.7933333333333333
None,0.6930158730158731,0.7526970105917474,0.68,0.7511666666666668
None,0.07138870139470864,0.08016506554881893,0.10770329614269007,0.07712595668414389
