fold,accuracy,precision,recall,roc_auc
0,0.7172413793103448,0.65,0.9154929577464789,0.8271792919680244
1,0.7541899441340782,0.9375,0.6,0.8184810126582278
None,0.7357156617222116,0.79375,0.7577464788732394,0.8228301523131261
None,0.018474282411866716,0.14375,0.15774647887323945,0.004349139654898304
