fold,accuracy,precision,recall,roc_auc
0,0.7777777777777778,0.9285714285714286,0.65,0.809375
1,0.75,0.7391304347826086,0.85,0.85
2,0.5555555555555556,0.6111111111111112,0.55,0.64375
3,0.6944444444444444,0.7142857142857143,0.75,0.809375
4,0.7714285714285715,0.7727272727272727,0.85,0.7933333333333333
None,0.7098412698412698,0.7531651922956272,0.73,0.7811666666666667
None,0.0825375457598874,0.10299317737132498,0.11661903789690597,0.07121912098899032
