fold,accuracy,precision,recall,roc_auc
0,0.7172413793103448,0.65,0.9154929577464789,0.826798629615531
1,0.7430167597765364,0.8552631578947368,0.65,0.799113924050633
None,0.7301290695434406,0.7526315789473684,0.7827464788732394,0.812956276833082
None,0.012887690233095772,0.10263157894736841,0.13274647887323943,0.013842352782448997
