fold,accuracy,precision,recall,roc_auc
0,0.6388888888888888,0.7692307692307693,0.5,0.8
1,0.8055555555555556,0.782608695652174,0.9,0.8875
2,0.6666666666666666,0.6666666666666666,0.8,0.6875
3,0.6666666666666666,0.6818181818181818,0.75,0.7125
4,0.6285714285714286,0.7058823529411765,0.6,0.75
None,0.6812698412698412,0.7212413332617936,0.7100000000000001,0.7675
None,0.06394796637601638,0.04655623806017194,0.14282856857085702,0.07097534783289193
