fold,accuracy,precision,recall,roc_auc
0,0.5833333333333334,0.6923076923076923,0.45,0.753125
1,0.7222222222222222,0.6923076923076923,0.9,0.8218749999999999
2,0.6388888888888888,0.6666666666666666,0.7,0.7718749999999999
3,0.5833333333333334,0.631578947368421,0.6,0.653125
4,0.8285714285714286,0.85,0.85,0.8633333333333333
None,0.6712698412698412,0.7065721997300944,0.7,0.7726666666666666
None,0.09365267687103022,0.07509317639190582,0.16431676725154984,0.07115422412697021
