fold,accuracy,precision,recall,roc_auc
0,0.6944444444444444,0.8461538461538461,0.55,0.8
1,0.8888888888888888,0.8636363636363636,0.95,0.946875
2,0.75,0.7894736842105263,0.75,0.7437499999999999
3,0.6111111111111112,0.6666666666666666,0.6,0.65625
4,0.8285714285714286,0.85,0.85,0.9166666666666666
None,0.7546031746031746,0.8031861121334805,0.74,0.8127083333333334
None,0.09770792186131602,0.07282525501622956,0.14966629547095764,0.10789253269393166
