fold,accuracy,precision,recall,roc_auc
0,0.8275862068965517,0.8,0.8571428571428571,0.9523809523809523
1,0.9310344827586207,0.9285714285714286,0.9285714285714286,0.9761904761904762
2,0.6551724137931034,0.75,0.42857142857142855,0.8142857142857143
3,0.8275862068965517,0.8461538461538461,0.7857142857142857,0.8666666666666667
4,0.8275862068965517,0.9166666666666666,0.7333333333333333,0.8999999999999999
None,0.8137931034482758,0.8482783882783883,0.7466666666666666,0.9019047619047619
None,0.0888558532877595,0.06799689257165782,0.17215191308590888,0.058290071421330865
