fold,accuracy,precision,recall,roc_auc
0,0.6275862068965518,0.5702479338842975,0.971830985915493,0.8260373049105444
1,0.7039106145251397,0.8507462686567164,0.57,0.8137974683544303
None,0.6657484107108458,0.710497101270507,0.7709154929577464,0.8199173866324874
None,0.03816220381429397,0.14024916738620946,0.20091549295774652,0.006119918278057024
