fold,accuracy,precision,recall,roc_auc
0,0.6944444444444444,0.8461538461538461,0.55,0.8156249999999999
1,0.8055555555555556,0.8421052631578947,0.8,0.8999999999999999
2,0.6666666666666666,0.6666666666666666,0.8,0.7156250000000001
3,0.6666666666666666,0.6818181818181818,0.75,0.71875
4,0.8285714285714286,0.8888888888888888,0.8,0.88
None,0.7323809523809524,0.7851265693370956,0.74,0.806
None,0.07026100424532164,0.09213347979579052,0.09695359714832658,0.07769793272668195
