fold,accuracy,precision,recall,roc_auc
0,0.6827586206896552,0.6237623762376238,0.8873239436619719,0.7957746478873239
1,0.7653631284916201,0.8085106382978723,0.76,0.8070886075949367
None,0.7240608745906376,0.716136507267748,0.8236619718309859,0.8014316277411303
None,0.041302253900982466,0.09237413103012426,0.06366197183098593,0.005656979853806421
