fold,accuracy,precision,recall,roc_auc
0,0.7379310344827587,0.6774193548387096,0.8873239436619719,0.827940616673011
1,0.7318435754189944,0.8823529411764706,0.6,0.8086075949367089
None,0.7348873049508765,0.77988614800759,0.7436619718309859,0.8182741058048599
None,0.0030437295318821445,0.10246679316888047,0.14366197183098595,0.009666510868151068
