fold,accuracy,precision,recall,roc_auc
0,0.75,0.7894736842105263,0.75,0.846875
1,0.8333333333333334,0.8888888888888888,0.8,0.871875
2,0.6388888888888888,0.64,0.8,0.7093750000000001
3,0.6111111111111112,0.625,0.75,0.71875
4,0.8571428571428571,0.8947368421052632,0.85,0.9166666666666666
None,0.7380952380952381,0.7676198830409356,0.79,0.8127083333333334
None,0.0993491036399117,0.11659309351129259,0.03741657386773941,0.08364369289498823
