fold,accuracy,precision,recall,roc_auc
0,0.6944444444444444,0.7647058823529411,0.65,0.7625
1,0.7777777777777778,0.7727272727272727,0.85,0.846875
2,0.6388888888888888,0.6842105263157895,0.65,0.69375
3,0.6111111111111112,0.6363636363636364,0.7,0.715625
4,0.8857142857142857,0.8333333333333334,1.0,0.8566666666666667
None,0.7215873015873016,0.7382681302185946,0.7699999999999999,0.7750833333333332
None,0.09987571011209664,0.06961397918686284,0.13638181696985854,0.066511094521474
