fold,accuracy,precision,recall,roc_auc
0,0.75,0.8235294117647058,0.7,0.815625
1,0.7777777777777778,0.875,0.7,0.88125
2,0.6944444444444444,0.7647058823529411,0.65,0.7281249999999999
3,0.6944444444444444,0.7647058823529411,0.65,0.7062499999999999
4,0.6857142857142857,0.7142857142857143,0.75,0.7966666666666666
None,0.7204761904761906,0.7884453781512605,0.69,0.7855833333333333
None,0.0366573890550814,0.05540645277246198,0.037416573867739396,0.06288511902226511
