fold,accuracy,precision,recall,roc_auc
0,0.6758620689655173,0.6090909090909091,0.9436619718309859,0.831652074609821
1,0.770949720670391,0.8554216867469879,0.71,0.8137974683544303
None,0.7234058948179541,0.7322562979189485,0.826830985915493,0.8227247714821257
None,0.04754382585243688,0.1231653888280394,0.11683098591549296,0.008927303127695352
