fold,accuracy,precision,recall,roc_auc
0,0.7172413793103448,0.65,0.9154929577464789,0.827940616673011
1,0.7486033519553073,0.8873239436619719,0.63,0.8175949367088607
None,0.7329223656328261,0.768661971830986,0.7727464788732394,0.8227677766909358
None,0.015680986322481216,0.11866197183098592,0.14274647887323944,0.005172839982075128
