fold,accuracy,precision,recall,roc_auc
0,0.4896551724137931,0.4896551724137931,1.0,0.6713932242101256
1,0.441340782122905,0.0,0.0,0.6868354430379747
None,0.4654979772683491,0.24482758620689654,0.5,0.6791143336240502
None,0.024157195145444038,0.24482758620689654,0.5,0.007721109413924565
