fold,accuracy,precision,recall,roc_auc
0,0.696551724137931,0.6391752577319587,0.8732394366197183,0.7948229920060906
1,0.7430167597765364,0.7934782608695652,0.73,0.8055696202531646
None,0.7197842419572337,0.716326759300762,0.8016197183098591,0.8001963061296276
None,0.02323251781930269,0.07715150156880324,0.07161971830985914,0.005373314123536976
