fold,accuracy,precision,recall,roc_auc
0,0.6388888888888888,0.7333333333333333,0.55,0.8125
1,0.7222222222222222,0.7272727272727273,0.8,0.815625
2,0.5555555555555556,0.6,0.6,0.65625
3,0.6666666666666666,0.6538461538461539,0.85,0.6875
4,0.8285714285714286,0.7916666666666666,0.95,0.7966666666666667
None,0.6823809523809524,0.7012237762237762,0.75,0.7537083333333333
None,0.0907547924393972,0.06690348259297858,0.151657508881031,0.06784868786088974
