fold,accuracy,precision,recall,roc_auc
0,0.6666666666666666,0.75,0.6,0.8031249999999999
1,0.8055555555555556,0.8823529411764706,0.75,0.865625
2,0.6111111111111112,0.75,0.45,0.69375
3,0.6388888888888888,0.6842105263157895,0.65,0.659375
4,0.7428571428571429,0.7619047619047619,0.8,0.8333333333333333
None,0.6930158730158731,0.7656936458794044,0.65,0.7710416666666665
None,0.07138870139470867,0.06442953769316685,0.12247448713915891,0.08037293716032637
