fold,accuracy,precision,recall,roc_auc
0,0.7692307692307693,0.7435897435897436,0.8529411764705882,0.8444022770398482
1,0.7538461538461538,0.725,0.8529411764705882,0.8728652751423149
2,0.8307692307692308,0.8285714285714286,0.8529411764705882,0.9013282732447818
3,0.8461538461538461,0.8787878787878788,0.8285714285714286,0.8647619047619047
4,0.765625,0.8064516129032258,0.7352941176470589,0.7735294117647058
None,0.7931250000000001,0.7964801327704555,0.8245378151260503,0.8513774283907111
None,0.03768065459581655,0.05623281850532047,0.04560912273691229,0.042999825805128886
