fold,accuracy,precision,recall,roc_auc
0,0.6344827586206897,0.575,0.971830985915493,0.8182337266844308
1,0.7206703910614525,0.8787878787878788,0.58,0.8162025316455697
None,0.6775765748410711,0.7268939393939393,0.7759154929577465,0.8172181291650003
None,0.04309381622038139,0.15189393939393941,0.19591549295774652,0.0010155975194305888
