fold,accuracy,precision,recall,roc_auc
0,0.6482758620689655,0.5892857142857143,0.9295774647887324,0.8214693566806243
1,0.7262569832402235,0.84,0.63,0.7935443037974683
None,0.6872664226545945,0.7146428571428571,0.7797887323943662,0.8075068302390462
None,0.038990560585629,0.12535714285714283,0.1497887323943662,0.013962526441577972
