fold,accuracy,precision,recall,roc_auc
0,0.7222222222222222,0.8125,0.65,0.78125
1,0.8611111111111112,0.9411764705882353,0.8,0.8999999999999999
2,0.7222222222222222,0.6923076923076923,0.9,0.78125
3,0.5833333333333334,0.631578947368421,0.6,0.6718750000000001
4,0.6857142857142857,0.8,0.6,0.8
None,0.7149206349206351,0.7755126220528696,0.7100000000000001,0.786875
None,0.08904662874700453,0.10681963448706105,0.12000000000000002,0.07246766520317867
