fold,accuracy,precision,recall,roc_auc
0,0.8620689655172413,0.8571428571428571,0.8571428571428571,0.9523809523809524
1,0.896551724137931,1.0,0.7857142857142857,0.9857142857142858
2,0.6551724137931034,0.8333333333333334,0.35714285714285715,0.7952380952380953
3,0.6206896551724138,0.5789473684210527,0.7857142857142857,0.819047619047619
4,0.8275862068965517,0.9166666666666666,0.7333333333333333,0.8952380952380952
None,0.7724137931034483,0.837218045112782,0.7038095238095238,0.8895238095238096
None,0.11247935469172475,0.1413689356701561,0.17775113178994867,0.073611100415008
