fold,accuracy,precision,recall,roc_auc
0,0.6758620689655173,0.6090909090909091,0.9436619718309859,0.8307955843167111
1,0.7653631284916201,0.8536585365853658,0.7,0.810126582278481
None,0.7206125987285688,0.7313747228381375,0.8218309859154929,0.820461083297596
None,0.04475052976305143,0.12228381374722835,0.12183098591549296,0.010334501019115039
