fold,accuracy,precision,recall,roc_auc
0,0.6944444444444444,0.8461538461538461,0.55,0.846875
1,0.8055555555555556,0.8421052631578947,0.8,0.89375
2,0.7222222222222222,0.7272727272727273,0.8,0.646875
3,0.6666666666666666,0.6666666666666666,0.8,0.734375
4,0.8,0.8095238095238095,0.85,0.8733333333333334
None,0.7377777777777779,0.7783444625549889,0.76,0.7990416666666668
None,0.05593205754956989,0.07030783187412021,0.1067707825203131,0.093929143655086
