fold,accuracy,precision,recall,roc_auc
0,0.7777777777777778,0.8333333333333334,0.75,0.890625
1,0.8333333333333334,0.8888888888888888,0.8,0.896875
2,0.6944444444444444,0.6956521739130435,0.8,0.6812499999999999
3,0.6666666666666666,0.6538461538461539,0.85,0.6906249999999999
4,0.8285714285714286,0.7916666666666666,0.95,0.88
None,0.7601587301587301,0.7726774433296172,0.8300000000000001,0.8078749999999999
None,0.06841693354106507,0.08671631353218522,0.06782329983125265,0.09975172304276256
