fold,accuracy,precision,recall,roc_auc
0,0.7538461538461538,0.78125,0.7352941176470589,0.8406072106261859
1,0.7846153846153846,0.7380952380952381,0.9117647058823529,0.8292220113851992
2,0.8307692307692308,0.8285714285714286,0.8529411764705882,0.8975332068311195
3,0.8615384615384616,0.90625,0.8285714285714286,0.899047619047619
4,0.8125,0.8235294117647058,0.8235294117647058,0.8549019607843137
None,0.8086538461538462,0.8155392156862746,0.830420168067227,0.8642624017348874
None,0.03710093381494366,0.0559203865765747,0.056963138046538735,0.028955043402772888
