fold,accuracy,precision,recall,roc_auc
0,0.8620689655172413,0.8571428571428571,0.8571428571428571,0.9095238095238095
1,0.896551724137931,0.9230769230769231,0.8571428571428571,0.9142857142857144
2,0.6206896551724138,0.6666666666666666,0.42857142857142855,0.761904761904762
3,0.6896551724137931,0.6666666666666666,0.7142857142857143,0.842857142857143
4,0.8275862068965517,0.9166666666666666,0.7333333333333333,0.9
None,0.7793103448275862,0.8060439560439561,0.7180952380952381,0.8657142857142859
None,0.10594683790163595,0.11610103768691488,0.15667752169660032,0.057884081520086623
