fold,accuracy,precision,recall,roc_auc
0,0.6944444444444444,0.7647058823529411,0.65,0.8250000000000001
1,0.8055555555555556,0.8421052631578947,0.8,0.90625
2,0.6666666666666666,0.7222222222222222,0.65,0.7000000000000001
3,0.5555555555555556,0.625,0.5,0.5812499999999999
4,0.8,0.8421052631578947,0.8,0.8766666666666667
None,0.7044444444444444,0.7592277261781906,0.68,0.7778333333333334
None,0.09278942042716874,0.08142956743680013,0.11224972160321826,0.1209847901367955
