fold,accuracy,precision,recall,roc_auc
0,0.7777777777777778,0.8333333333333334,0.75,0.8218749999999999
1,0.6666666666666666,0.6538461538461539,0.85,0.828125
2,0.5277777777777778,0.6,0.45,0.5625
3,0.6666666666666666,0.6538461538461539,0.85,0.684375
4,0.7714285714285715,0.8333333333333334,0.75,0.8433333333333333
None,0.682063492063492,0.7148717948717949,0.7300000000000001,0.7480416666666666
None,0.0910225774156902,0.09870163035289505,0.14696938456699066,0.10901775785521263
