fold,accuracy,precision,recall,roc_auc
0,0.696551724137931,0.6451612903225806,0.8450704225352113,0.7849257708412638
1,0.6927374301675978,0.8947368421052632,0.51,0.80126582278481
None,0.6946445771527644,0.7699490662139219,0.6775352112676056,0.7930957968130369
None,0.0019071469851665857,0.12478777589134127,0.16753521126760562,0.008170025971773076
