fold,accuracy,precision,recall,roc_auc
0,0.8275862068965517,0.8461538461538461,0.7857142857142857,0.8714285714285714
1,0.8620689655172413,0.8571428571428571,0.8571428571428571,0.9428571428571428
2,0.6551724137931034,0.8333333333333334,0.35714285714285715,0.8142857142857143
3,0.7586206896551724,0.8181818181818182,0.6428571428571429,0.7523809523809524
4,0.8620689655172413,0.8666666666666667,0.8666666666666667,0.861904761904762
None,0.7931034482758621,0.8442957042957044,0.7019047619047619,0.8485714285714285
None,0.07863278793787158,0.01715267098694396,0.190061453243603,0.06327422949284987
