fold,accuracy,precision,recall,roc_auc
0,0.4896551724137931,0.4896551724137931,1.0,0.6356109630757518
1,0.441340782122905,0.0,0.0,0.6656962025316456
None,0.4654979772683491,0.24482758620689654,0.5,0.6506535828036988
None,0.024157195145444038,0.24482758620689654,0.5,0.015042619727946904
