fold,accuracy,precision,recall,roc_auc
0,0.6944444444444444,0.9090909090909091,0.5,0.7593749999999999
1,0.8055555555555556,0.782608695652174,0.9,0.8999999999999999
2,0.6388888888888888,0.6666666666666666,0.7,0.640625
3,0.6111111111111112,0.6666666666666666,0.6,0.6656250000000001
4,0.7714285714285715,0.7142857142857143,1.0,0.8466666666666667
None,0.7042857142857143,0.747863730472426,0.74,0.7624583333333333
None,0.07459067777804583,0.09112060715667596,0.1854723699099141,0.10023803267445164
