fold,accuracy,precision,recall,roc_auc
0,0.5586206896551724,0.5259259259259259,1.0,0.7519033117624667
1,0.45251396648044695,1.0,0.02,0.7077215189873416
None,0.5055673280678097,0.762962962962963,0.51,0.7298124153749042
None,0.053053361587362735,0.23703703703703705,0.49,0.022090896387562564
