fold,accuracy,precision,recall,roc_auc
0,0.7241379310344828,0.6565656565656566,0.9154929577464789,0.826798629615531
1,0.7374301675977654,0.9076923076923077,0.59,0.8125316455696202
None,0.7307840493161241,0.7821289821289821,0.7527464788732394,0.8196651375925756
None,0.0066461182816413,0.12556332556332556,0.16274647887323945,0.007133492022955379
