fold,accuracy,precision,recall,roc_auc
0,0.75,0.7619047619047619,0.8,0.8375
1,0.6666666666666666,0.75,0.6,0.803125
2,0.6111111111111112,0.6875,0.55,0.65625
3,0.7222222222222222,0.8125,0.65,0.696875
4,0.6285714285714286,0.6842105263157895,0.65,0.7733333333333334
None,0.6757142857142857,0.7392230576441102,0.65,0.7534166666666666
None,0.05321509948124867,0.04837719663424834,0.08366600265340757,0.06719511907704144
