fold,accuracy,precision,recall,roc_auc
0,0.7586206896551724,0.6842105263157895,0.9285714285714286,0.8809523809523809
1,0.6896551724137931,0.6923076923076923,0.6428571428571429,0.7952380952380953
2,0.7241379310344828,1.0,0.42857142857142855,0.7857142857142858
3,0.5172413793103449,0.5,0.7142857142857143,0.7047619047619047
4,0.6551724137931034,0.7272727272727273,0.5333333333333333,0.7142857142857143
None,0.6689655172413793,0.7207581891792418,0.6495238095238095,0.7761904761904763
None,0.08333135154203151,0.1605601249624228,0.16995664379769054,0.06381663073428936
