fold,accuracy,precision,recall,roc_auc
0,0.6388888888888888,0.7692307692307693,0.5,0.8093750000000001
1,0.7777777777777778,0.7307692307692307,0.95,0.88125
2,0.6666666666666666,0.7,0.7,0.7125
3,0.6944444444444444,0.7142857142857143,0.75,0.7749999999999999
4,0.8285714285714286,0.8181818181818182,0.9,0.8966666666666667
None,0.7212698412698413,0.7464935064935065,0.76,0.8149583333333335
None,0.07098522019773228,0.04266717244327061,0.15937377450509227,0.06811224396375279
