fold,accuracy,precision,recall,roc_auc
0,0.7655172413793103,0.6989247311827957,0.9154929577464789,0.8370765131328513
1,0.7262569832402235,0.8695652173913043,0.6,0.7867088607594936
None,0.7458871123097669,0.7842449742870501,0.7577464788732394,0.8118926869461724
None,0.019630129069543423,0.08532024310425429,0.15774647887323945,0.025183826186678804
