fold,accuracy,precision,recall,roc_auc
0,0.6666666666666666,0.7857142857142857,0.55,0.8062499999999999
1,0.8888888888888888,0.9,0.9,0.95
2,0.75,0.7037037037037037,0.95,0.746875
3,0.6388888888888888,0.6666666666666666,0.7,0.625
4,0.8285714285714286,0.8888888888888888,0.8,0.8733333333333333
None,0.7546031746031746,0.7889947089947089,0.78,0.8002916666666666
None,0.09449631762052826,0.09439331386084554,0.14352700094407322,0.11078238177215323
