fold,accuracy,precision,recall,roc_auc
0,0.5833333333333334,0.631578947368421,0.6,0.728125
1,0.6944444444444444,0.68,0.85,0.884375
2,0.6666666666666666,0.6818181818181818,0.75,0.7125
3,0.5277777777777778,0.5789473684210527,0.55,0.6375000000000001
4,0.7714285714285715,0.8333333333333334,0.75,0.9233333333333333
None,0.6487301587301586,0.6811355661881977,0.7,0.7771666666666668
None,0.08529084117778006,0.08492844285676832,0.10954451150103321,0.10858357316422731
