fold,accuracy,precision,recall,roc_auc
0,0.6896551724137931,0.63,0.8873239436619719,0.7972972972972971
1,0.7653631284916201,0.8085106382978723,0.76,0.8082278481012658
None,0.7275091504527067,0.7192553191489361,0.8236619718309859,0.8027625726992815
None,0.037853978038913494,0.08925531914893614,0.06366197183098593,0.005465275401984326
