fold,accuracy,precision,recall,roc_auc
0,0.9310344827586207,0.875,1.0,0.9666666666666667
1,0.896551724137931,1.0,0.7857142857142857,0.8904761904761904
2,0.6896551724137931,1.0,0.35714285714285715,0.8523809523809525
3,0.8275862068965517,0.9090909090909091,0.7142857142857143,0.8380952380952382
4,0.7586206896551724,0.9,0.6,0.8714285714285714
None,0.8206896551724137,0.9368181818181819,0.6914285714285715,0.8838095238095238
None,0.08831895499907376,0.052782103152708315,0.21200693096101883,0.04503463016204525
