fold,accuracy,precision,recall,roc_auc
0,0.6388888888888888,0.8181818181818182,0.45,0.7875
1,0.7777777777777778,0.8333333333333334,0.75,0.9093749999999999
2,0.5555555555555556,0.5909090909090909,0.65,0.646875
3,0.6388888888888888,0.7058823529411765,0.6,0.6593749999999999
4,0.7714285714285715,0.8,0.8,0.8799999999999999
None,0.6765079365079364,0.7496613190730839,0.65,0.7766249999999999
None,0.08570340906887375,0.09093834767418034,0.12247448713915891,0.1086368664404492
