fold,accuracy,precision,recall,roc_auc
0,0.6666666666666666,0.8333333333333334,0.5,0.78125
1,0.8333333333333334,0.8888888888888888,0.8,0.8937499999999999
2,0.5833333333333334,0.6190476190476191,0.65,0.653125
3,0.6111111111111112,0.6363636363636364,0.7,0.678125
4,0.8,0.8421052631578947,0.8,0.8833333333333334
None,0.6988888888888889,0.7639477481582745,0.6900000000000001,0.7779166666666667
None,0.10039428442734682,0.11296636510641539,0.11135528725660046,0.1000724563892472
